{
    "l1": {
        "0": [0.5738164783, 0.7367582917, 0.5381078124],
        "1": [-0.415011853, -0.3731822073, -0.5984943509],
        "2": [0.5494559407, -0.0974447727, -0.7744801044],
        "3": [-0.5290845633, -0.1023743749, -0.5818657875],
        "4": [-0.4907598495, -0.7615218163, 0.248111546]
    },
    "l2": {
        "0": [0.5738164783, 0.7367582917, 0.5381078124],
        "1": [-0.415011853, -0.3731822073, -0.5984943509],
        "2": [0.5494559407, -0.0974447727, -0.7744801044],
        "3": [-0.5290845633, -0.1023743749, -0.5818657875],
        "4": [-0.4907598495, -0.7615218163, 0.248111546]
    },
    "wudi": {
        "l1": [0, 1],
        "l2": [1, 2]
    },
    "topology": [3, 1],
    "weight_1": [0.1, 0.5, 0.6, 0.0],
    "in": [1.0, 1.0, 2.0],
    "out": [1.0]
}