{
    "in": [0.042, 0.722, 0.22],
    "in2": [0.3, 0.948, 0.33],
    "in1": [0.5, 0.1, 0.1],
    "out": [1.328, 0.7],
    "l1": {
        "0": [-1.5051829815, -0.486697346, -1.0311113596, -0.8372060657, -2.18314147],
        "1": [-0.4926245809, 0.5467908978, 0.4137038589, 0.7635427713, 0.3367837965],
        "2": [1.2676779032, 0.4414913654, -0.1958998591, 0.0030788765, 0.6739685535],
        "3": [0.2093981951, -0.0502819382, 0.4498059452, 0.1120008007, -0.1716487855]
    },
    "l2": {
        "0": [0.4010997713, -0.3298720419, 0.0386120155, -1.1809123755, -0.421887666],
        "1": [0.4770740569, 0.3788038194, 0.1181321889, 0.1647791266, 0.6717523336],
        "2": [-0.5751146674, 0.7583934665, -0.5139271021, 0.0634917617, 0.2401718944],
        "3": [-0.0246117581, 0.5787735581, -0.5388515592, 1.0046010017, 0.2397396266],
        "4": [0.1206406802, -1.519613862, 0.0786059275, -0.7401291132, -0.0894099995],
        "5": [-0.0971091911, -0.1678148806, -0.1033439562, -0.006905843, -0.0950264186]
    },
    "output": {
        "0": [-1.3440645933, 0.1871421188],
        "1": [1.2551295757, 0.6071278453],
        "2": [0.7718036175, -0.1826733202],
        "3": [1.528603673, 0.568772614],
        "4": [0.3202571571, 0.8477423191],
        "5": [-0.4764379561, -0.3935364187]
    }
}