{"C3H7": 43.08858, "HNCO": 43.025080000000003, "CH2(S)": 14.026879999999998, "N2": 28.013480000000001, "HNO": 31.01408, "CH3OH": 32.042159999999996, "HOCN": 43.025080000000003, "HCNO": 43.025080000000003, "HCNN": 41.032420000000002, "CH2O": 30.02628, "CH2OH": 31.034219999999998, "O2": 31.998799999999999, "NO2": 46.005539999999996, "NH": 15.01468, "CH2CHO": 43.04522, "C2H4": 28.053759999999997, "H2O2": 34.014679999999998, "HCCOH": 42.037279999999996, "NNH": 29.021420000000003, "HCN": 27.025680000000001, "N2O": 44.012880000000003, "C2H2": 26.037879999999998, "CH2": 14.026879999999998, "CH3": 15.03482, "HO2": 33.006740000000001, "CH4": 16.042760000000001, "C2H": 25.02994, "HCCO": 41.029339999999998, "C": 12.010999999999999, "CH": 13.018939999999999, "CO": 28.010399999999997, "CN": 26.01774, "H": 1.0079400000000001, "O": 15.9994, "N": 14.006740000000001, "AR": 39.948, "C3H8": 44.096519999999998, "NH3": 17.030560000000001, "NH2": 16.02262, "CH3CHO": 44.053159999999998, "C2H6": 30.06964, "C2H5": 29.061699999999998, "CH3O": 31.034219999999998, "C2H3": 27.045819999999999, "HCO": 29.018339999999998, "CO2": 44.009799999999998, "OH": 17.007339999999999, "H2": 2.0158800000000001, "NO": 30.006140000000002, "H2O": 18.015280000000001, "NCO": 42.017139999999998, "CH2CO": 42.037279999999996, "H2CN": 28.033619999999999}